,id,type,comments_count,likes_count,upload_date
0,3408328245748048431,GraphImage,0,0,2024-07-09 16:56:50
1,3408319554856319253,GraphImage,0,0,2024-07-09 16:39:34
2,3408317304494856666,GraphImage,0,0,2024-07-09 16:35:06
3,3408316577143116198,GraphImage,0,0,2024-07-09 16:33:39
4,3408312781390781764,GraphImage,0,0,2024-07-09 16:26:07
5,3408285131951616386,GraphImage,0,0,2024-07-09 15:31:11
6,3408280755730857062,GraphImage,1,228,2024-07-09 15:22:29
7,3408263393209379853,GraphImage,0,0,2024-07-09 14:47:59
8,3408258721434530018,GraphImage,0,0,2024-07-09 14:38:42
9,3408251558886915432,GraphImage,1,245,2024-07-09 14:24:29
10,3408234905377873359,GraphImage,7,82,2024-07-09 13:51:23
11,3408234311162810286,GraphImage,0,1,2024-07-09 13:50:13
12,3408163957316954356,GraphImage,0,8,2024-07-09 11:30:25
13,3408133891406206878,GraphImage,0,0,2024-07-09 10:30:41
14,3408089228804813042,GraphImage,0,5,2024-07-09 09:01:57
15,3407750285807503558,GraphImage,0,0,2024-07-08 21:48:32
16,3407735713142049907,GraphImage,0,3,2024-07-08 21:19:35
17,3407719523287327532,GraphImage,1,16,2024-07-08 20:47:25
18,3407713931901275594,GraphImage,0,1,2024-07-08 20:36:19
19,3407676577809379524,GraphSidecar,0,49,2024-07-08 19:22:05
20,3407652059335329527,GraphImage,0,34,2024-07-08 18:33:23
21,3407481389454736842,GraphImage,0,0,2024-07-08 12:54:17
22,3407445697078473083,GraphImage,1,176,2024-07-08 11:43:22
23,3407408982011524725,GraphImage,0,2,2024-07-08 10:30:25
24,3406661895032923189,GraphImage,0,4,2024-07-07 09:46:05
25,3406379373971393327,GraphImage,0,1,2024-07-07 00:24:46
26,3406262631600678042,GraphImage,0,6,2024-07-06 20:32:50
27,3406260593051461052,GraphImage,0,1,2024-07-06 20:28:47
28,3406258106911177281,GraphImage,0,4,2024-07-06 20:23:50
29,3406256685042291381,GraphImage,0,0,2024-07-06 20:21:01
30,3406171414697765051,GraphImage,0,17,2024-07-06 17:31:36
31,3406162567100758512,GraphImage,0,0,2024-07-06 17:14:01
32,3406139445804760337,GraphImage,0,0,2024-07-06 16:28:05
33,3405943198598640640,GraphImage,0,5,2024-07-06 09:58:11
34,3405929856182129280,GraphImage,0,3,2024-07-06 09:31:44
35,3405884208101548116,GraphImage,0,7,2024-07-06 08:00:58
36,3405646970747437972,GraphSidecar,1,49,2024-07-06 00:09:37
37,3405491253494540513,GraphImage,0,5,2024-07-05 19:00:15
38,3405482845954190278,GraphImage,0,10,2024-07-05 18:43:32
39,3405482223284918781,GraphImage,0,232,2024-07-05 18:42:18
40,3405461661991227188,GraphImage,0,1,2024-07-05 18:01:27
41,3405359851645939444,GraphImage,1,3,2024-07-05 14:39:10
42,3405309473239532577,GraphImage,5,47,2024-07-05 12:59:04
43,3405292103679119317,GraphImage,0,43,2024-07-05 12:24:34
44,3405192261955847595,GraphImage,0,42,2024-07-05 09:06:12
45,3404820563992808540,GraphImage,0,4,2024-07-04 20:47:42
46,3404755498341796802,GraphImage,1,3,2024-07-04 18:38:26
47,3404748108872319069,GraphImage,0,115,2024-07-04 18:23:44
48,3404746279098837932,GraphImage,0,130,2024-07-04 18:20:06
49,3404723785813435941,GraphImage,1,6,2024-07-04 17:35:25
50,3404579558210420301,GraphImage,7,79,2024-07-04 12:48:52
51,3404511214872188890,GraphImage,0,14,2024-07-04 10:33:04
52,3404509297108277787,GraphImage,3,52,2024-07-04 10:29:16
53,3404507498339117649,GraphImage,0,16,2024-07-04 10:25:41
54,3404246232375314104,GraphImage,0,0,2024-07-04 01:46:36
55,3404174461040835552,GraphSidecar,0,50,2024-07-03 23:24:00
56,3404110803916702885,GraphImage,0,155,2024-07-03 21:17:32
57,3404109906050292450,GraphImage,6,171,2024-07-03 21:15:45
58,3404085330541032332,GraphImage,0,218,2024-07-03 20:26:55
59,3404084784719570369,GraphImage,0,144,2024-07-03 20:25:50
60,3404078352028388770,GraphImage,0,5,2024-07-03 20:13:03
61,3403915036827392372,GraphSidecar,5,3636,2024-07-03 14:48:34
62,3403889127098548815,GraphImage,0,3,2024-07-03 13:57:06
63,3403863079642713898,GraphImage,0,5,2024-07-03 13:05:22
64,3403859851682252107,GraphImage,0,0,2024-07-03 12:58:56
65,3403851852388919683,GraphImage,0,0,2024-07-03 12:43:02
66,3403831388812869856,GraphImage,0,0,2024-07-03 12:02:23
67,3403823650056708727,GraphImage,0,0,2024-07-03 11:47:00
68,3403778911924731105,GraphImage,0,0,2024-07-03 10:18:07
69,3403723216489972752,GraphImage,0,0,2024-07-03 08:27:28
70,3403457823966459890,GraphImage,0,4,2024-07-02 23:40:10
